{"Harris": {"Error": 0.0006359547456280363, "Lag": 7}, "Fort Bend": {"Error": 0.0070612270801038626, "Lag": 25}, "Montgomery": {"Error": 0.0035122056850041663, "Lag": 25}, "Brazoria": {"Error": 0.004948102689317025, "Lag": 5}, "Galveston": {"Error": 0.0065846284108976305, "Lag": 17}, "Liberty": {"Error": 0.0, "Lag": 1}, "Chambers": {"Error": 0.0, "Lag": 1}, "Austin": {"Error": 0.0, "Lag": 1}}