{"Harris": {"Error": 6.965365634058777e-05, "Lag": 1}, "Fort Bend": {"Error": 1.2690089607815468e-05, "Lag": 18}, "Montgomery": {"Error": 1.866416288274205e-05, "Lag": 1}, "Brazoria": {"Error": 1.8702753091989914e-05, "Lag": 8}, "Galveston": {"Error": 1.0413599339499084e-05, "Lag": 1}, "Liberty": {"Error": 0.0, "Lag": 1}, "Chambers": {"Error": 0.0, "Lag": 1}, "Austin": {"Error": 0.0, "Lag": 1}}