{"Harris": {"Error": 0.0001189040987349428, "lr": 0.3, "l1": 4, "l2": 4}, "Fort Bend": {"Error": 0.00019971845123230642, "lr": 0.1, "l1": 3, "l2": 1}, "Montgomery": {"Error": 0.0003361487825445689, "lr": 0.1, "l1": 2, "l2": 1}, "Brazoria": {"Error": 0.001610419291185666, "lr": 0.4, "l1": 1, "l2": 1}, "Galveston": {"Error": 0.0012709432119519058, "lr": 0.4, "l1": 2, "l2": 4}, "Liberty": {"Error": 0.0, "lr": 0.1, "l1": 1, "l2": 1}, "Chambers": {"Error": 0.0, "lr": 0.1, "l1": 1, "l2": 1}, "Austin": {"Error": 0.0, "lr": 0.1, "l1": 1, "l2": 1}}