{"Harris": {"Error": 5.6679583647616325e-05, "lr": 0.1, "l1": 1, "l2": 2}, "Fort Bend": {"Error": 1.526599522148335e-05, "lr": 0.55, "l1": 3, "l2": 1}, "Montgomery": {"Error": 1.866416288274205e-05, "lr": 0.1, "l1": 1, "l2": 1}, "Brazoria": {"Error": 3.769742262409911e-05, "lr": 0.35, "l1": 4, "l2": 1}, "Galveston": {"Error": 4.600472002197169e-05, "lr": 0.1, "l1": 1, "l2": 1}, "Liberty": {"Error": 0.0, "lr": 0.1, "l1": 1, "l2": 1}, "Chambers": {"Error": 0.0, "lr": 0.1, "l1": 1, "l2": 1}, "Austin": {"Error": 0.0, "lr": 0.1, "l1": 1, "l2": 1}}